Ensembl Gene Record	Common Gene Name	Read Count	Log Count	Dist
ENSG00000002079.14	MYH16	4	1.3862943611198906	4
ENSG00000006071.13	ABCC8	4	1.3862943611198906	4
ENSG00000007216.14	SLC13A2	4	1.3862943611198906	4
ENSG00000010379.15	SLC6A13	4	1.3862943611198906	4
ENSG00000015568.12	RGPD5	4	1.3862943611198906	4
ENSG00000017483.14	SLC38A5	4	1.3862943611198906	4
ENSG00000036473.7	OTC	4	1.3862943611198906	4
ENSG00000053438.9	NNAT	4	1.3862943611198906	4
ENSG00000057468.6	MSH4	4	1.3862943611198906	4
ENSG00000063127.15	SLC6A16	4	1.3862943611198906	4
ENSG00000073282.12	TP63	4	1.3862943611198906	4
ENSG00000073905.8	VDAC1P1	4	1.3862943611198906	4
ENSG00000075884.13	ARHGAP15	4	1.3862943611198906	4
ENSG00000081985.11	IL12RB2	4	1.3862943611198906	4
ENSG00000086205.17	FOLH1	4	1.3862943611198906	4
ENSG00000087250.8	MT3	4	1.3862943611198906	4
ENSG00000089558.8	KCNH4	4	1.3862943611198906	4
ENSG00000095932.6	SMIM24	4	1.3862943611198906	4
ENSG00000099985.3	OSM	4	1.3862943611198906	4
ENSG00000100218.11	RSPH14	4	1.3862943611198906	4
ENSG00000100298.15	APOBEC3H	4	1.3862943611198906	4
ENSG00000100351.16	GRAP2	4	1.3862943611198906	4
ENSG00000100427.15	MLC1	4	1.3862943611198906	4
ENSG00000100593.17	ISM2	4	1.3862943611198906	4
ENSG00000100884.9	CPNE6	4	1.3862943611198906	4
ENSG00000101331.15	CCM2L	4	1.3862943611198906	4
ENSG00000103313.12	MEFV	4	1.3862943611198906	4
ENSG00000104808.7	DHDH	4	1.3862943611198906	4
ENSG00000105672.14	ETV2	4	1.3862943611198906	4
ENSG00000105996.6	HOXA2	4	1.3862943611198906	4
ENSG00000106031.8	HOXA13	4	1.3862943611198906	4
ENSG00000106823.12	ECM2	4	1.3862943611198906	4
ENSG00000107796.13	ACTA2	4	1.3862943611198906	4
ENSG00000107821.14	KAZALD1	4	1.3862943611198906	4
ENSG00000107984.9	DKK1	4	1.3862943611198906	4
ENSG00000108176.14	DNAJC12	4	1.3862943611198906	4
ENSG00000109205.16	ODAM	4	1.3862943611198906	4
ENSG00000109758.8	HGFAC	4	1.3862943611198906	4
ENSG00000109943.8	CRTAM	4	1.3862943611198906	4
ENSG00000110076.18	NRXN2	4	1.3862943611198906	4
ENSG00000110427.15	KIAA1549L	4	1.3862943611198906	4
ENSG00000110811.19	P3H3	4	1.3862943611198906	4
ENSG00000112799.8	LY86	4	1.3862943611198906	4
ENSG00000113263.12	ITK	4	1.3862943611198906	4
ENSG00000114948.12	ADAM23	4	1.3862943611198906	4
ENSG00000115361.7	ACADL	4	1.3862943611198906	4
ENSG00000115602.16	IL1RL1	4	1.3862943611198906	4
ENSG00000117091.9	CD48	4	1.3862943611198906	4
ENSG00000120949.14	TNFRSF8	4	1.3862943611198906	4
ENSG00000121089.4	NACA3P	4	1.3862943611198906	4
ENSG00000121797.9	CCRL2	4	1.3862943611198906	4
ENSG00000121807.5	CCR2	4	1.3862943611198906	4
ENSG00000122025.14	FLT3	4	1.3862943611198906	4
ENSG00000122728.6	TAF1L	4	1.3862943611198906	4
ENSG00000122824.10	NUDT10	4	1.3862943611198906	4
ENSG00000122986.13	HVCN1	4	1.3862943611198906	4
ENSG00000123612.15	ACVR1C	4	1.3862943611198906	4
ENSG00000123685.8	BATF3	4	1.3862943611198906	4
ENSG00000124251.10	TP53TG5	4	1.3862943611198906	4
ENSG00000124256.14	ZBP1	4	1.3862943611198906	4
ENSG00000124713.5	GNMT	4	1.3862943611198906	4
ENSG00000124780.13	KCNK17	4	1.3862943611198906	4
ENSG00000125285.5	SOX21	4	1.3862943611198906	4
ENSG00000125780.11	TGM3	4	1.3862943611198906	4
ENSG00000126353.3	CCR7	4	1.3862943611198906	4
ENSG00000126500.3	FLRT1	4	1.3862943611198906	4
ENSG00000129159.7	KCNC1	4	1.3862943611198906	4
ENSG00000129194.7	SOX15	4	1.3862943611198906	4
ENSG00000129993.14	CBFA2T3	4	1.3862943611198906	4
ENSG00000130032.15	PRRG3	4	1.3862943611198906	4
ENSG00000131094.3	C1QL1	4	1.3862943611198906	4
ENSG00000131650.13	KREMEN2	4	1.3862943611198906	4
ENSG00000132429.9	POPDC3	4	1.3862943611198906	4
ENSG00000133069.16	TMCC2	4	1.3862943611198906	4
ENSG00000133115.11	STOML3	4	1.3862943611198906	4
ENSG00000133124.11	IRS4	4	1.3862943611198906	4
ENSG00000134115.12	CNTN6	4	1.3862943611198906	4
ENSG00000134201.11	GSTM5	4	1.3862943611198906	4
ENSG00000134240.11	HMGCS2	4	1.3862943611198906	4
ENSG00000134398.14	ERN2	4	1.3862943611198906	4
ENSG00000134595.8	SOX3	4	1.3862943611198906	4
ENSG00000135100.17	HNF1A	4	1.3862943611198906	4
ENSG00000135436.8	FAM186B	4	1.3862943611198906	4
ENSG00000136378.14	ADAMTS7	4	1.3862943611198906	4
ENSG00000136449.13	MYCBPAP	4	1.3862943611198906	4
ENSG00000136541.14	ERMN	4	1.3862943611198906	4
ENSG00000136634.6	IL10	4	1.3862943611198906	4
ENSG00000137825.10	ITPKA	4	1.3862943611198906	4
ENSG00000138100.13	TRIM54	4	1.3862943611198906	4
ENSG00000138622.3	HCN4	4	1.3862943611198906	4
ENSG00000139329.4	LUM	4	1.3862943611198906	4
ENSG00000139445.17	FOXN4	4	1.3862943611198906	4
ENSG00000139540.11	SLC39A5	4	1.3862943611198906	4
ENSG00000139780.7	METTL21C	4	1.3862943611198906	4
ENSG00000140090.17	SLC24A4	4	1.3862943611198906	4
ENSG00000141371.12	C17orf64	4	1.3862943611198906	4
ENSG00000141485.16	SLC13A5	4	1.3862943611198906	4
ENSG00000141505.11	ASGR1	4	1.3862943611198906	4
ENSG00000142408.4	CACNG8	4	1.3862943611198906	4
ENSG00000143318.12	CASQ1	4	1.3862943611198906	4
ENSG00000144191.11	CNGA3	4	1.3862943611198906	4
ENSG00000144406.18	UNC80	4	1.3862943611198906	4
ENSG00000145248.6	SLC10A4	4	1.3862943611198906	4
ENSG00000145649.7	GZMA	4	1.3862943611198906	4
ENSG00000145692.14	BHMT	4	1.3862943611198906	4
ENSG00000145936.8	KCNMB1	4	1.3862943611198906	4
ENSG00000146090.15	RASGEF1C	4	1.3862943611198906	4
ENSG00000146453.12	PNLDC1	4	1.3862943611198906	4
ENSG00000148377.5	IDI2	4	1.3862943611198906	4
ENSG00000150628.6	SPATA4	4	1.3862943611198906	4
ENSG00000151632.17	AKR1C2	4	1.3862943611198906	4
ENSG00000152192.7	POU4F1	4	1.3862943611198906	4
ENSG00000152578.12	GRIA4	4	1.3862943611198906	4
ENSG00000152785.6	BMP3	4	1.3862943611198906	4
ENSG00000153002.11	CPB1	4	1.3862943611198906	4
ENSG00000153303.17	FRMD1	4	1.3862943611198906	4
ENSG00000153902.13	LGI4	4	1.3862943611198906	4
ENSG00000153930.11	ANKFN1	4	1.3862943611198906	4
ENSG00000153956.15	CACNA2D1	4	1.3862943611198906	4
ENSG00000154485.4	MMP21	4	1.3862943611198906	4
ENSG00000155622.6	XAGE2	4	1.3862943611198906	4
ENSG00000155657.26	TTN	4	1.3862943611198906	4
ENSG00000156097.12	GPR61	4	1.3862943611198906	4
ENSG00000156689.6	GLYATL2	4	1.3862943611198906	4
ENSG00000156968.8	MPV17L	4	1.3862943611198906	4
ENSG00000157890.17	MEGF11	4	1.3862943611198906	4
ENSG00000157927.16	RADIL	4	1.3862943611198906	4
ENSG00000158008.9	EXTL1	4	1.3862943611198906	4
ENSG00000158481.12	CD1C	4	1.3862943611198906	4
ENSG00000158786.4	PLA2G2F	4	1.3862943611198906	4
ENSG00000159708.17	LRRC36	4	1.3862943611198906	4
ENSG00000160654.10	CD3G	4	1.3862943611198906	4
ENSG00000160856.20	FCRL3	4	1.3862943611198906	4
ENSG00000161270.19	NPHS1	4	1.3862943611198906	4
ENSG00000161939.19	RNASEK-C17orf49	4	1.3862943611198906	4
ENSG00000162490.6	DRAXIN	4	1.3862943611198906	4
ENSG00000162676.11	GFI1	4	1.3862943611198906	4
ENSG00000163116.9	STPG2	4	1.3862943611198906	4
ENSG00000163395.16	IGFN1	4	1.3862943611198906	4
ENSG00000164707.15	SLC13A4	4	1.3862943611198906	4
ENSG00000164778.4	EN2	4	1.3862943611198906	4
ENSG00000164935.6	DCSTAMP	4	1.3862943611198906	4
ENSG00000165863.16	C10orf82	4	1.3862943611198906	4
ENSG00000166035.10	LIPC	4	1.3862943611198906	4
ENSG00000166589.12	CDH16	4	1.3862943611198906	4
ENSG00000166707.10	ZCCHC18	4	1.3862943611198906	4
ENSG00000166928.10	MS4A14	4	1.3862943611198906	4
ENSG00000167617.2	CDC42EP5	4	1.3862943611198906	4
ENSG00000167723.14	TRPV3	4	1.3862943611198906	4
ENSG00000168263.8	KCNV2	4	1.3862943611198906	4
ENSG00000168631.12	MUCL3	4	1.3862943611198906	4
ENSG00000169252.5	ADRB2	4	1.3862943611198906	4
ENSG00000169291.9	SHE	4	1.3862943611198906	4
ENSG00000169385.2	RNASE2	4	1.3862943611198906	4
ENSG00000169495.4	HTRA4	4	1.3862943611198906	4
ENSG00000169760.17	NLGN1	4	1.3862943611198906	4
ENSG00000170092.14	SPDYE5	4	1.3862943611198906	4
ENSG00000170122.5	FOXD4	4	1.3862943611198906	4
ENSG00000170231.15	FABP6	4	1.3862943611198906	4
ENSG00000170276.5	HSPB2	4	1.3862943611198906	4
ENSG00000170484.9	KRT74	4	1.3862943611198906	4
ENSG00000170509.11	HSD17B13	4	1.3862943611198906	4
ENSG00000171016.12	PYGO1	4	1.3862943611198906	4
ENSG00000171643.13	S100Z	4	1.3862943611198906	4
ENSG00000171811.13	CFAP46	4	1.3862943611198906	4
ENSG00000172476.4	RAB40A	4	1.3862943611198906	4
ENSG00000173210.19	ABLIM3	4	1.3862943611198906	4
ENSG00000173597.8	SULT1B1	4	1.3862943611198906	4
ENSG00000174038.12	C9orf131	4	1.3862943611198906	4
ENSG00000174611.11	KY	4	1.3862943611198906	4
ENSG00000174807.3	CD248	4	1.3862943611198906	4
ENSG00000175170.14	FAM182B	4	1.3862943611198906	4
ENSG00000175967.3	FLJ34503	4	1.3862943611198906	4
ENSG00000176490.4	DIRAS1	4	1.3862943611198906	4
ENSG00000176971.3	FIBIN	4	1.3862943611198906	4
ENSG00000177096.8	PHETA2	4	1.3862943611198906	4
ENSG00000177133.10	LINC00982	4	1.3862943611198906	4
ENSG00000178031.16	ADAMTSL1	4	1.3862943611198906	4
ENSG00000178162.8	FAR2P2	4	1.3862943611198906	4
ENSG00000178997.11	EXD1	4	1.3862943611198906	4
ENSG00000179242.15	CDH4	4	1.3862943611198906	4
ENSG00000179772.7	FOXS1	4	1.3862943611198906	4
ENSG00000180318.3	ALX1	4	1.3862943611198906	4
ENSG00000180336.17	MEIOC	4	1.3862943611198906	4
ENSG00000180438.15	TPRXL	4	1.3862943611198906	4
ENSG00000180535.3	BHLHA15	4	1.3862943611198906	4
ENSG00000181227.3	DLSTP1	4	1.3862943611198906	4
ENSG00000181355.21	OFCC1	4	1.3862943611198906	4
ENSG00000181418.7	DDN	4	1.3862943611198906	4
ENSG00000182057.4	OGFRP1	4	1.3862943611198906	4
ENSG00000182103.4	FAM181B	4	1.3862943611198906	4
ENSG00000182791.4	CCDC87	4	1.3862943611198906	4
ENSG00000183036.10	PCP4	4	1.3862943611198906	4
ENSG00000183239.5	AL109615.1	4	1.3862943611198906	4
ENSG00000184374.2	COLEC10	4	1.3862943611198906	4
ENSG00000184507.15	NUTM1	4	1.3862943611198906	4
ENSG00000185176.12	AQP12B	4	1.3862943611198906	4
ENSG00000185304.14	RGPD2	4	1.3862943611198906	4
ENSG00000185837.3	HDHD5-AS1	4	1.3862943611198906	4
ENSG00000186026.6	ZNF284	4	1.3862943611198906	4
ENSG00000186198.3	SLC51B	4	1.3862943611198906	4
ENSG00000186471.12	AKAP14	4	1.3862943611198906	4
ENSG00000186652.9	PRG2	4	1.3862943611198906	4
ENSG00000186714.12	CCDC73	4	1.3862943611198906	4
ENSG00000187094.11	CCK	4	1.3862943611198906	4
ENSG00000187260.15	WDR86	4	1.3862943611198906	4
ENSG00000187800.13	PEAR1	4	1.3862943611198906	4
ENSG00000187824.8	TMEM220	4	1.3862943611198906	4
ENSG00000187952.9	HS6ST1P1	4	1.3862943611198906	4
ENSG00000187987.9	ZSCAN23	4	1.3862943611198906	4
ENSG00000188425.3	NANOS2	4	1.3862943611198906	4
ENSG00000188984.11	AADACL3	4	1.3862943611198906	4
ENSG00000188985.6	DHFRP1	4	1.3862943611198906	4
ENSG00000189056.13	RELN	4	1.3862943611198906	4
ENSG00000189108.12	IL1RAPL2	4	1.3862943611198906	4
ENSG00000189120.4	SP6	4	1.3862943611198906	4
ENSG00000189129.13	PLAC9	4	1.3862943611198906	4
ENSG00000189320.8	FAM180A	4	1.3862943611198906	4
ENSG00000196209.12	SIRPB2	4	1.3862943611198906	4
ENSG00000196366.3	C9orf163	4	1.3862943611198906	4
ENSG00000197261.11	C6orf141	4	1.3862943611198906	4
ENSG00000197380.10	DACT3	4	1.3862943611198906	4
ENSG00000198019.12	FCGR1B	4	1.3862943611198906	4
ENSG00000198106.8	SNX29P2	4	1.3862943611198906	4
ENSG00000198108.3	CHSY3	4	1.3862943611198906	4
ENSG00000198547.8	C20orf203	4	1.3862943611198906	4
ENSG00000198650.10	TAT	4	1.3862943611198906	4
ENSG00000198734.10	F5	4	1.3862943611198906	4
ENSG00000198788.8	MUC2	4	1.3862943611198906	4
ENSG00000198797.6	BRINP2	4	1.3862943611198906	4
ENSG00000198821.10	CD247	4	1.3862943611198906	4
ENSG00000203279.3	AL590705.1	4	1.3862943611198906	4
ENSG00000203995.9	ZYG11A	4	1.3862943611198906	4
ENSG00000204194.1	RPL12P1	4	1.3862943611198906	4
ENSG00000204428.12	LY6G5C	4	1.3862943611198906	4
ENSG00000204677.10	FAM153C	4	1.3862943611198906	4
ENSG00000204778.4	CBWD4P	4	1.3862943611198906	4
ENSG00000205488.8	CALML3-AS1	4	1.3862943611198906	4
ENSG00000205559.4	CHKB-DT	4	1.3862943611198906	4
ENSG00000205790.1	DPP9-AS1	4	1.3862943611198906	4
ENSG00000205861.11	PCOTH	4	1.3862943611198906	4
ENSG00000205918.9	PDPK2P	4	1.3862943611198906	4
ENSG00000206145.8	P2RX6P	4	1.3862943611198906	4
ENSG00000212125.2	TAS2R15P	4	1.3862943611198906	4
ENSG00000213169.3	AC069218.1	4	1.3862943611198906	4
ENSG00000213280.2	AC090114.1	4	1.3862943611198906	4
ENSG00000213363.4	RPS3P6	4	1.3862943611198906	4
ENSG00000213471.10	TTLL13P	4	1.3862943611198906	4
ENSG00000213650.3	AC092447.2	4	1.3862943611198906	4
ENSG00000213996.12	TM6SF2	4	1.3862943611198906	4
ENSG00000214708.4	AC116407.1	4	1.3862943611198906	4
ENSG00000215018.9	COL28A1	4	1.3862943611198906	4
ENSG00000215156.5	AC138409.1	4	1.3862943611198906	4
ENSG00000215482.3	CALM2P3	4	1.3862943611198906	4
ENSG00000215483.10	LINC00598	4	1.3862943611198906	4
ENSG00000220305.1	HNRNPH1P1	4	1.3862943611198906	4
ENSG00000221883.3	ARIH2OS	4	1.3862943611198906	4
ENSG00000221930.6	FAM45BP	4	1.3862943611198906	4
ENSG00000221953.5	C1orf229	4	1.3862943611198906	4
ENSG00000223508.5	RPL23AP53	4	1.3862943611198906	4
ENSG00000223820.5	CFL1P1	4	1.3862943611198906	4
ENSG00000223849.1	AL354893.1	4	1.3862943611198906	4
ENSG00000224004.2	ATP5F1CP1	4	1.3862943611198906	4
ENSG00000224272.2	AC131097.3	4	1.3862943611198906	4
ENSG00000224356.5	AL356966.1	4	1.3862943611198906	4
ENSG00000224687.1	RASAL2-AS1	4	1.3862943611198906	4
ENSG00000224781.1	EIF4A2P4	4	1.3862943611198906	4
ENSG00000224786.2	CETN4P	4	1.3862943611198906	4
ENSG00000224848.1	AL589843.1	4	1.3862943611198906	4
ENSG00000224993.3	RPL29P12	4	1.3862943611198906	4
ENSG00000225051.5	HMGB3P22	4	1.3862943611198906	4
ENSG00000225108.1	ZBTB45P1	4	1.3862943611198906	4
ENSG00000225171.2	DUTP6	4	1.3862943611198906	4
ENSG00000225192.1	ZNF33BP1	4	1.3862943611198906	4
ENSG00000225362.9	CT62	4	1.3862943611198906	4
ENSG00000225422.4	RBMS1P1	4	1.3862943611198906	4
ENSG00000226082.2	AC096915.1	4	1.3862943611198906	4
ENSG00000226121.2	AHCTF1P1	4	1.3862943611198906	4
ENSG00000226284.1	ARPC3P1	4	1.3862943611198906	4
ENSG00000226450.2	CYP2D8P	4	1.3862943611198906	4
ENSG00000226686.7	LINC01535	4	1.3862943611198906	4
ENSG00000226780.1	AC244035.1	4	1.3862943611198906	4
ENSG00000226803.8	ZNF451-AS1	4	1.3862943611198906	4
ENSG00000226964.1	RHEBP2	4	1.3862943611198906	4
ENSG00000227083.1	L29074.1	4	1.3862943611198906	4
ENSG00000227201.2	CNN2P1	4	1.3862943611198906	4
ENSG00000227217.1	AL356276.1	4	1.3862943611198906	4
ENSG00000227347.1	HNRNPKP2	4	1.3862943611198906	4
ENSG00000227525.4	RPL7P6	4	1.3862943611198906	4
ENSG00000227733.9	AC239809.3	4	1.3862943611198906	4
ENSG00000227777.1	AL031736.1	4	1.3862943611198906	4
ENSG00000227906.7	SNAP25-AS1	4	1.3862943611198906	4
ENSG00000228037.1	AL139246.3	4	1.3862943611198906	4
ENSG00000228057.1	SEC63P1	4	1.3862943611198906	4
ENSG00000228158.2	TLE1P1	4	1.3862943611198906	4
ENSG00000228217.1	PNRC2P1	4	1.3862943611198906	4
ENSG00000228285.2	LYPLA2P1	4	1.3862943611198906	4
ENSG00000228302.2	AL512770.1	4	1.3862943611198906	4
ENSG00000228412.8	AL022068.1	4	1.3862943611198906	4
ENSG00000228487.2	AL450263.1	4	1.3862943611198906	4
ENSG00000228492.2	RAB11FIP1P1	4	1.3862943611198906	4
ENSG00000228696.8	ARL17B	4	1.3862943611198906	4
ENSG00000228705.1	LINC00659	4	1.3862943611198906	4
ENSG00000228741.2	SPATA13	4	1.3862943611198906	4
ENSG00000228812.7	LAMA5-AS1	4	1.3862943611198906	4
ENSG00000228863.8	AL121985.1	4	1.3862943611198906	4
ENSG00000228906.1	AL353804.1	4	1.3862943611198906	4
ENSG00000229267.2	AC016708.1	4	1.3862943611198906	4
ENSG00000229666.1	MAST4-AS1	4	1.3862943611198906	4
ENSG00000229692.3	SOS1-IT1	4	1.3862943611198906	4
ENSG00000229808.1	AL391825.1	4	1.3862943611198906	4
ENSG00000229944.3	EIF4EP2	4	1.3862943611198906	4
ENSG00000229953.1	AL590666.2	4	1.3862943611198906	4
ENSG00000229970.3	AC007128.1	4	1.3862943611198906	4
ENSG00000230102.7	LINC02028	4	1.3862943611198906	4
ENSG00000230148.8	HOXB-AS1	4	1.3862943611198906	4
ENSG00000230626.4	AC011005.1	4	1.3862943611198906	4
ENSG00000230732.4	AC016949.1	4	1.3862943611198906	4
ENSG00000230734.1	RPL10P3	4	1.3862943611198906	4
ENSG00000230873.8	STMND1	4	1.3862943611198906	4
ENSG00000230897.1	RPS18P12	4	1.3862943611198906	4
ENSG00000230955.1	AL929472.2	4	1.3862943611198906	4
ENSG00000231007.5	CDC20P1	4	1.3862943611198906	4
ENSG00000231113.2	AL035587.1	4	1.3862943611198906	4
ENSG00000231169.4	EEF1B2P1	4	1.3862943611198906	4
ENSG00000231327.1	LINC01816	4	1.3862943611198906	4
ENSG00000231731.7	AC010976.1	4	1.3862943611198906	4
ENSG00000231742.5	LINC01273	4	1.3862943611198906	4
ENSG00000231769.2	AL035701.1	4	1.3862943611198906	4
ENSG00000231822.1	AC019097.1	4	1.3862943611198906	4
ENSG00000231852.7	CYP21A2	4	1.3862943611198906	4
ENSG00000231920.1	NEBL-AS1	4	1.3862943611198906	4
ENSG00000231989.4	PPP1R2B	4	1.3862943611198906	4
ENSG00000232228.1	AC092431.2	4	1.3862943611198906	4
ENSG00000232284.7	GNG12-AS1	4	1.3862943611198906	4
ENSG00000232415.1	ELN-AS1	4	1.3862943611198906	4
ENSG00000232633.4	AC079465.1	4	1.3862943611198906	4
ENSG00000232656.7	IDI2-AS1	4	1.3862943611198906	4
ENSG00000232828.1	AC231533.1	4	1.3862943611198906	4
ENSG00000232940.5	HCG25	4	1.3862943611198906	4
ENSG00000233178.7	AL161457.2	4	1.3862943611198906	4
ENSG00000233270.1	SNRPEP4	4	1.3862943611198906	4
ENSG00000233327.10	USP32P2	4	1.3862943611198906	4
ENSG00000233381.3	AK4P3	4	1.3862943611198906	4
ENSG00000233554.5	B4GALT1-AS1	4	1.3862943611198906	4
ENSG00000233672.6	RNASEH2B-AS1	4	1.3862943611198906	4
ENSG00000233730.1	LINC01765	4	1.3862943611198906	4
ENSG00000233818.1	AP000695.2	4	1.3862943611198906	4
ENSG00000233971.1	RPS20P10	4	1.3862943611198906	4
ENSG00000234354.3	RPS26P47	4	1.3862943611198906	4
ENSG00000234405.1	Z69733.1	4	1.3862943611198906	4
ENSG00000234602.7	MCIDAS	4	1.3862943611198906	4
ENSG00000234636.2	MED14OS	4	1.3862943611198906	4
ENSG00000234645.3	YWHAEP5	4	1.3862943611198906	4
ENSG00000234807.6	LINC01135	4	1.3862943611198906	4
ENSG00000234857.2	HNRNPUL2-BSCL2	4	1.3862943611198906	4
ENSG00000234906.9	APOC2	4	1.3862943611198906	4
ENSG00000234917.2	AC098484.2	4	1.3862943611198906	4
ENSG00000235225.1	AC016712.1	4	1.3862943611198906	4
ENSG00000235244.3	DANT2	4	1.3862943611198906	4
ENSG00000235559.1	NOP56P1	4	1.3862943611198906	4
ENSG00000235660.2	LINC00345	4	1.3862943611198906	4
ENSG00000235688.2	AC116614.1	4	1.3862943611198906	4
ENSG00000235885.7	LINC01828	4	1.3862943611198906	4
ENSG00000236114.1	AL450326.2	4	1.3862943611198906	4
ENSG00000236281.1	NDUFB9P2	4	1.3862943611198906	4
ENSG00000236514.1	AL135791.1	4	1.3862943611198906	4
ENSG00000236753.6	MKLN1-AS	4	1.3862943611198906	4
ENSG00000236756.4	DNAJC9-AS1	4	1.3862943611198906	4
ENSG00000236908.2	AC005865.1	4	1.3862943611198906	4
ENSG00000237037.9	NDUFA6-DT	4	1.3862943611198906	4
ENSG00000237133.1	AC020594.1	4	1.3862943611198906	4
ENSG00000237273.1	RSL24D1P8	4	1.3862943611198906	4
ENSG00000237278.2	RLIMP2	4	1.3862943611198906	4
ENSG00000237451.3	CDK2AP2P2	4	1.3862943611198906	4
ENSG00000237676.1	RPL30P4	4	1.3862943611198906	4
ENSG00000237732.9	AC010980.1	4	1.3862943611198906	4
ENSG00000237742.6	AL365259.1	4	1.3862943611198906	4
ENSG00000237773.6	AC073332.1	4	1.3862943611198906	4
ENSG00000237821.1	AC083873.1	4	1.3862943611198906	4
ENSG00000238228.1	OR7E7P	4	1.3862943611198906	4
ENSG00000239617.1	AC073610.1	4	1.3862943611198906	4
ENSG00000239653.1	PSMD6-AS2	4	1.3862943611198906	4
ENSG00000239959.1	ENPP7P2	4	1.3862943611198906	4
ENSG00000240463.1	RPS19P3	4	1.3862943611198906	4
ENSG00000240622.1	RPL7P15	4	1.3862943611198906	4
ENSG00000240710.1	AL512306.3	4	1.3862943611198906	4
ENSG00000241429.1	EEF1A1P25	4	1.3862943611198906	4
ENSG00000241494.1	AL355032.1	4	1.3862943611198906	4
ENSG00000241627.3	UBQLN4P1	4	1.3862943611198906	4
ENSG00000241684.6	ADAMTS9-AS2	4	1.3862943611198906	4
ENSG00000242338.6	BMS1P4	4	1.3862943611198906	4
ENSG00000242516.1	LINC00960	4	1.3862943611198906	4
ENSG00000242748.1	RPL23AP81	4	1.3862943611198906	4
ENSG00000242991.2	RPL7P40	4	1.3862943611198906	4
ENSG00000243431.1	RPL5P30	4	1.3862943611198906	4
ENSG00000243746.1	EEF1A1P10	4	1.3862943611198906	4
ENSG00000243759.1	ST13P15	4	1.3862943611198906	4
ENSG00000243795.1	LINC02044	4	1.3862943611198906	4
ENSG00000243964.1	RPL23AP65	4	1.3862943611198906	4
ENSG00000244040.6	IL12A-AS1	4	1.3862943611198906	4
ENSG00000244153.1	WWP1P1	4	1.3862943611198906	4
ENSG00000244198.6	AC004889.1	4	1.3862943611198906	4
ENSG00000244245.1	AC133134.1	4	1.3862943611198906	4
ENSG00000244921.2	MTCYBP18	4	1.3862943611198906	4
ENSG00000245975.2	AC090515.2	4	1.3862943611198906	4
ENSG00000246731.2	MGC16275	4	1.3862943611198906	4
ENSG00000247311.2	AC010255.1	4	1.3862943611198906	4
ENSG00000247363.2	AC090061.1	4	1.3862943611198906	4
ENSG00000248027.1	AP001351.1	4	1.3862943611198906	4
ENSG00000248608.2	AC133963.1	4	1.3862943611198906	4
ENSG00000248858.7	FLJ46284	4	1.3862943611198906	4
ENSG00000248954.1	AC027801.1	4	1.3862943611198906	4
ENSG00000249001.5	AC093895.1	4	1.3862943611198906	4
ENSG00000249244.1	AC110373.1	4	1.3862943611198906	4
ENSG00000249532.5	AC106864.1	4	1.3862943611198906	4
ENSG00000249641.2	HOXC13-AS	4	1.3862943611198906	4
ENSG00000249661.1	TNRC18P1	4	1.3862943611198906	4
ENSG00000249685.1	AC079921.2	4	1.3862943611198906	4
ENSG00000249715.11	FER1L5	4	1.3862943611198906	4
ENSG00000250318.1	AC003072.1	4	1.3862943611198906	4
ENSG00000250424.4	AC004691.2	4	1.3862943611198906	4
ENSG00000250433.1	CLSTN2-AS1	4	1.3862943611198906	4
ENSG00000250474.2	WBP1LP2	4	1.3862943611198906	4
ENSG00000250714.3	AC100861.2	4	1.3862943611198906	4
ENSG00000250764.1	AC025178.1	4	1.3862943611198906	4
ENSG00000250917.1	AL035458.2	4	1.3862943611198906	4
ENSG00000250942.1	ENPP7P11	4	1.3862943611198906	4
ENSG00000251079.6	BMS1P2	4	1.3862943611198906	4
ENSG00000251141.5	MRPS30-DT	4	1.3862943611198906	4
ENSG00000251363.2	LINC02315	4	1.3862943611198906	4
ENSG00000251417.2	AC145285.2	4	1.3862943611198906	4
ENSG00000253219.1	KRT18P41	4	1.3862943611198906	4
ENSG00000253284.2	AC092828.1	4	1.3862943611198906	4
ENSG00000253404.1	AC034243.1	4	1.3862943611198906	4
ENSG00000253506.2	NACA2	4	1.3862943611198906	4
ENSG00000253899.1	AC067904.2	4	1.3862943611198906	4
ENSG00000254349.5	MIR2052HG	4	1.3862943611198906	4
ENSG00000254477.2	AP000640.1	4	1.3862943611198906	4
ENSG00000254676.1	AP000873.4	4	1.3862943611198906	4
ENSG00000254706.2	AL512785.2	4	1.3862943611198906	4
ENSG00000254811.5	AP002001.1	4	1.3862943611198906	4
ENSG00000254883.1	AP003385.2	4	1.3862943611198906	4
ENSG00000254929.6	AL591684.2	4	1.3862943611198906	4
ENSG00000255000.1	AC139103.1	4	1.3862943611198906	4
ENSG00000255139.1	AP000442.2	4	1.3862943611198906	4
ENSG00000255248.8	MIR100HG	4	1.3862943611198906	4
ENSG00000255326.1	AP001922.5	4	1.3862943611198906	4
ENSG00000255507.5	UVRAG-DT	4	1.3862943611198906	4
ENSG00000256040.2	PAPPA-AS1	4	1.3862943611198906	4
ENSG00000256427.2	AC010175.1	4	1.3862943611198906	4
ENSG00000256469.1	AP002383.2	4	1.3862943611198906	4
ENSG00000256694.1	AC026369.2	4	1.3862943611198906	4
ENSG00000256898.1	AP002770.2	4	1.3862943611198906	4
ENSG00000257000.1	AC137590.1	4	1.3862943611198906	4
ENSG00000257062.6	AC022335.1	4	1.3862943611198906	4
ENSG00000257298.1	AC008147.2	4	1.3862943611198906	4
ENSG00000257410.1	AC089984.1	4	1.3862943611198906	4
ENSG00000257607.1	AC073957.2	4	1.3862943611198906	4
ENSG00000257818.1	C1GALT1P1	4	1.3862943611198906	4
ENSG00000257913.2	DDN-AS1	4	1.3862943611198906	4
ENSG00000258405.9	ZNF578	4	1.3862943611198906	4
ENSG00000258427.3	RBM8B	4	1.3862943611198906	4
ENSG00000258512.1	LINC00239	4	1.3862943611198906	4
ENSG00000258659.6	TRIM34	4	1.3862943611198906	4
ENSG00000258789.1	AL162171.1	4	1.3862943611198906	4
ENSG00000258818.3	RNASE4	4	1.3862943611198906	4
ENSG00000258919.1	AL049836.1	4	1.3862943611198906	4
ENSG00000259539.1	AC051619.6	4	1.3862943611198906	4
ENSG00000259684.1	AC084756.1	4	1.3862943611198906	4
ENSG00000259702.3	AC024337.1	4	1.3862943611198906	4
ENSG00000260051.1	AL031600.1	4	1.3862943611198906	4
ENSG00000260088.1	AL445483.1	4	1.3862943611198906	4
ENSG00000260135.6	MMP2-AS1	4	1.3862943611198906	4
ENSG00000260219.2	AC106782.2	4	1.3862943611198906	4
ENSG00000260290.2	AC092115.1	4	1.3862943611198906	4
ENSG00000260329.1	AC007541.1	4	1.3862943611198906	4
ENSG00000260331.1	AC079148.1	4	1.3862943611198906	4
ENSG00000260460.1	AL365181.1	4	1.3862943611198906	4
ENSG00000260493.1	AC011773.4	4	1.3862943611198906	4
ENSG00000260570.1	AC133550.1	4	1.3862943611198906	4
ENSG00000260747.1	AC022968.1	4	1.3862943611198906	4
ENSG00000260777.1	AC061975.1	4	1.3862943611198906	4
ENSG00000260803.1	Z84723.1	4	1.3862943611198906	4
ENSG00000260923.6	LINC02193	4	1.3862943611198906	4
ENSG00000260997.1	AC004847.1	4	1.3862943611198906	4
ENSG00000261026.1	AC105046.1	4	1.3862943611198906	4
ENSG00000261247.1	GOLGA8T	4	1.3862943611198906	4
ENSG00000261514.1	LINC01976	4	1.3862943611198906	4
ENSG00000261560.1	AC007216.3	4	1.3862943611198906	4
ENSG00000261649.6	GOLGA6L7	4	1.3862943611198906	4
ENSG00000261663.1	AC009065.8	4	1.3862943611198906	4
ENSG00000261759.1	AC099518.5	4	1.3862943611198906	4
ENSG00000261915.6	AC026954.2	4	1.3862943611198906	4
ENSG00000262228.2	AC087392.3	4	1.3862943611198906	4
ENSG00000262477.1	AC021224.1	4	1.3862943611198906	4
ENSG00000262652.1	AC124283.3	4	1.3862943611198906	4
ENSG00000262663.1	AC087222.1	4	1.3862943611198906	4
ENSG00000262728.5	AC123768.3	4	1.3862943611198906	4
ENSG00000262874.1	C19orf84	4	1.3862943611198906	4
ENSG00000262967.1	AC005921.2	4	1.3862943611198906	4
ENSG00000262979.1	AC124319.1	4	1.3862943611198906	4
ENSG00000263165.1	AC087292.1	4	1.3862943611198906	4
ENSG00000263218.2	AC127496.6	4	1.3862943611198906	4
ENSG00000263220.1	AC015727.1	4	1.3862943611198906	4
ENSG00000263740.2	RN7SL4P	4	1.3862943611198906	4
ENSG00000263986.1	AC087393.2	4	1.3862943611198906	4
ENSG00000264324.1	AC006030.1	4	1.3862943611198906	4
ENSG00000264577.1	AC010761.1	4	1.3862943611198906	4
ENSG00000264672.5	SEPT4-AS1	4	1.3862943611198906	4
ENSG00000265678.1	AC129510.1	4	1.3862943611198906	4
ENSG00000266086.2	AC015813.2	4	1.3862943611198906	4
ENSG00000266522.1	AP005242.2	4	1.3862943611198906	4
ENSG00000266777.1	SH3GL1P1	4	1.3862943611198906	4
ENSG00000267069.1	AP005264.1	4	1.3862943611198906	4
ENSG00000267072.2	NAGPA-AS1	4	1.3862943611198906	4
ENSG00000267102.1	AC060766.1	4	1.3862943611198906	4
ENSG00000267105.1	AC011511.3	4	1.3862943611198906	4
ENSG00000267122.1	AC004490.1	4	1.3862943611198906	4
ENSG00000267179.1	AC008770.2	4	1.3862943611198906	4
ENSG00000267201.1	LINC01775	4	1.3862943611198906	4
ENSG00000267274.1	AC008770.3	4	1.3862943611198906	4
ENSG00000267296.2	CEBPA-DT	4	1.3862943611198906	4
ENSG00000267309.1	AC092295.2	4	1.3862943611198906	4
ENSG00000267327.1	AC009271.1	4	1.3862943611198906	4
ENSG00000267348.2	GEMIN7-AS1	4	1.3862943611198906	4
ENSG00000267387.1	AC020931.1	4	1.3862943611198906	4
ENSG00000267390.1	AC036176.1	4	1.3862943611198906	4
ENSG00000267440.1	LINC02594	4	1.3862943611198906	4
ENSG00000267459.1	AC006116.7	4	1.3862943611198906	4
ENSG00000267504.1	AC090236.2	4	1.3862943611198906	4
ENSG00000267523.1	AC008735.2	4	1.3862943611198906	4
ENSG00000267577.1	AC010327.3	4	1.3862943611198906	4
ENSG00000267741.1	UBE2L4	4	1.3862943611198906	4
ENSG00000267871.5	ZNF460-AS1	4	1.3862943611198906	4
ENSG00000267886.1	AC074135.1	4	1.3862943611198906	4
ENSG00000268001.1	CARD8-AS1	4	1.3862943611198906	4
ENSG00000268034.1	AC243960.2	4	1.3862943611198906	4
ENSG00000268105.1	AC124856.1	4	1.3862943611198906	4
ENSG00000268222.1	EEF1A1P7	4	1.3862943611198906	4
ENSG00000268230.5	AC012313.3	4	1.3862943611198906	4
ENSG00000268309.1	AC008764.3	4	1.3862943611198906	4
ENSG00000268521.1	VN1R83P	4	1.3862943611198906	4
ENSG00000268628.2	AL121761.1	4	1.3862943611198906	4
ENSG00000269516.6	CYP4F23P	4	1.3862943611198906	4
ENSG00000269559.2	AC093677.2	4	1.3862943611198906	4
ENSG00000269815.1	AC010463.3	4	1.3862943611198906	4
ENSG00000269867.1	AC010326.3	4	1.3862943611198906	4
ENSG00000269894.1	AC018809.1	4	1.3862943611198906	4
ENSG00000269903.1	AC025165.4	4	1.3862943611198906	4
ENSG00000269934.1	AL353593.2	4	1.3862943611198906	4
ENSG00000269947.1	AC135178.5	4	1.3862943611198906	4
ENSG00000270011.7	ZNF559-ZNF177	4	1.3862943611198906	4
ENSG00000270060.1	AC090589.3	4	1.3862943611198906	4
ENSG00000270084.1	GAS5-AS1	4	1.3862943611198906	4
ENSG00000270100.1	AC012065.4	4	1.3862943611198906	4
ENSG00000270135.1	AC078795.3	4	1.3862943611198906	4
ENSG00000270171.1	AL359881.3	4	1.3862943611198906	4
ENSG00000270195.1	AC016773.1	4	1.3862943611198906	4
ENSG00000270210.1	AC104695.2	4	1.3862943611198906	4
ENSG00000270557.1	AC013731.1	4	1.3862943611198906	4
ENSG00000270681.1	AC095055.1	4	1.3862943611198906	4
ENSG00000270996.1	AC005034.4	4	1.3862943611198906	4
ENSG00000271013.1	LRRC37A9P	4	1.3862943611198906	4
ENSG00000271151.1	AC016737.1	4	1.3862943611198906	4
ENSG00000271156.1	AC090578.2	4	1.3862943611198906	4
ENSG00000271730.1	AL390208.1	4	1.3862943611198906	4
ENSG00000271746.1	AL031848.2	4	1.3862943611198906	4
ENSG00000271816.1	BMS1P4	4	1.3862943611198906	4
ENSG00000271913.6	AL035530.2	4	1.3862943611198906	4
ENSG00000271964.1	AC090948.1	4	1.3862943611198906	4
ENSG00000271984.1	AL008726.1	4	1.3862943611198906	4
ENSG00000272031.2	ANKRD34A	4	1.3862943611198906	4
ENSG00000272092.1	AC087623.2	4	1.3862943611198906	4
ENSG00000272112.1	AC011374.2	4	1.3862943611198906	4
ENSG00000272114.1	AL136131.3	4	1.3862943611198906	4
ENSG00000272293.1	AC083964.1	4	1.3862943611198906	4
ENSG00000272305.5	AC096887.1	4	1.3862943611198906	4
ENSG00000272374.1	Z97832.2	4	1.3862943611198906	4
ENSG00000272465.1	AL031768.1	4	1.3862943611198906	4
ENSG00000272568.5	AC005162.3	4	1.3862943611198906	4
ENSG00000272644.1	AC097468.3	4	1.3862943611198906	4
ENSG00000272692.1	AC010997.3	4	1.3862943611198906	4
ENSG00000272754.1	AL133245.1	4	1.3862943611198906	4
ENSG00000272755.1	AC245297.2	4	1.3862943611198906	4
ENSG00000272905.1	AC018648.1	4	1.3862943611198906	4
ENSG00000272914.1	AL359532.1	4	1.3862943611198906	4
ENSG00000272936.1	AC096586.1	4	1.3862943611198906	4
ENSG00000272970.1	AC107294.2	4	1.3862943611198906	4
ENSG00000272980.4	Z94721.2	4	1.3862943611198906	4
ENSG00000273038.2	AL365203.2	4	1.3862943611198906	4
ENSG00000273091.1	AP000255.1	4	1.3862943611198906	4
ENSG00000273173.5	SNURF	4	1.3862943611198906	4
ENSG00000273245.1	AC092653.1	4	1.3862943611198906	4
ENSG00000273320.1	AC007032.1	4	1.3862943611198906	4
ENSG00000273372.1	SFTPD-AS1	4	1.3862943611198906	4
ENSG00000273454.1	AC112503.2	4	1.3862943611198906	4
ENSG00000273483.1	AL354760.1	4	1.3862943611198906	4
ENSG00000273733.1	AC011472.4	4	1.3862943611198906	4
ENSG00000274225.1	AP001065.1	4	1.3862943611198906	4
ENSG00000274322.1	AL136531.2	4	1.3862943611198906	4
ENSG00000274536.6	AL034397.3	4	1.3862943611198906	4
ENSG00000274561.1	AC005332.3	4	1.3862943611198906	4
ENSG00000274629.1	AC073052.2	4	1.3862943611198906	4
ENSG00000274825.1	AL023803.2	4	1.3862943611198906	4
ENSG00000274827.4	LINC01297	4	1.3862943611198906	4
ENSG00000274987.1	AC092794.1	4	1.3862943611198906	4
ENSG00000275120.2	AC048382.5	4	1.3862943611198906	4
ENSG00000275160.1	AL354718.1	4	1.3862943611198906	4
ENSG00000275212.2	AC005186.1	4	1.3862943611198906	4
ENSG00000275318.1	AL136981.2	4	1.3862943611198906	4
ENSG00000275638.1	AC011939.3	4	1.3862943611198906	4
ENSG00000275665.1	AC006449.3	4	1.3862943611198906	4
ENSG00000275857.1	AC009133.4	4	1.3862943611198906	4
ENSG00000275888.1	AC132872.3	4	1.3862943611198906	4
ENSG00000276071.1	AC074138.1	4	1.3862943611198906	4
ENSG00000276289.4	KCNE1B	4	1.3862943611198906	4
ENSG00000276545.1	PCDHGB9P	4	1.3862943611198906	4
ENSG00000276571.1	AC002550.2	4	1.3862943611198906	4
ENSG00000276651.1	AC007950.2	4	1.3862943611198906	4
ENSG00000276851.1	AC002401.4	4	1.3862943611198906	4
ENSG00000277156.1	AL589743.5	4	1.3862943611198906	4
ENSG00000277173.1	AC004241.4	4	1.3862943611198906	4
ENSG00000277423.1	AC069234.5	4	1.3862943611198906	4
ENSG00000277566.1	AC089999.2	4	1.3862943611198906	4
ENSG00000277662.1	AL354696.1	4	1.3862943611198906	4
ENSG00000277767.1	AL442128.2	4	1.3862943611198906	4
ENSG00000278500.1	AC009336.2	4	1.3862943611198906	4
ENSG00000278974.1	AC093909.6	4	1.3862943611198906	4
ENSG00000279024.1	AC112255.1	4	1.3862943611198906	4
ENSG00000279031.1	AC004232.3	4	1.3862943611198906	4
ENSG00000279182.1	CR559946.2	4	1.3862943611198906	4
ENSG00000279412.1	AC020763.3	4	1.3862943611198906	4
ENSG00000279476.1	AC092139.3	4	1.3862943611198906	4
ENSG00000279481.1	AC104791.2	4	1.3862943611198906	4
ENSG00000279488.1	AC004623.1	4	1.3862943611198906	4
ENSG00000279489.1	AL355377.2	4	1.3862943611198906	4
ENSG00000279549.1	AP000437.1	4	1.3862943611198906	4
ENSG00000279571.3	AL162426.1	4	1.3862943611198906	4
ENSG00000279730.2	SETD8P1	4	1.3862943611198906	4
ENSG00000279933.1	AL031595.1	4	1.3862943611198906	4
ENSG00000279945.1	AC013489.3	4	1.3862943611198906	4
ENSG00000279954.1	BX324167.2	4	1.3862943611198906	4
ENSG00000280069.1	AC127024.8	4	1.3862943611198906	4
ENSG00000280149.1	AC004877.2	4	1.3862943611198906	4
ENSG00000280157.1	AL359510.2	4	1.3862943611198906	4
ENSG00000280198.1	AC087163.3	4	1.3862943611198906	4
ENSG00000280207.1	AC106795.5	4	1.3862943611198906	4
ENSG00000280309.1	AC023300.3	4	1.3862943611198906	4
ENSG00000281195.1	AC007878.1	4	1.3862943611198906	4
ENSG00000281469.1	AC019226.1	4	1.3862943611198906	4
ENSG00000281641.2	SAMD12-AS1	4	1.3862943611198906	4
ENSG00000281706.2	LINC01012	4	1.3862943611198906	4
ENSG00000282386.1	AL358472.4	4	1.3862943611198906	4
ENSG00000282572.2	AC215522.2	4	1.3862943611198906	4
ENSG00000282876.1	Z98752.4	4	1.3862943611198906	4
ENSG00000282977.1	PCBP2-OT1	4	1.3862943611198906	4
ENSG00000282978.1	AC110994.2	4	1.3862943611198906	4
ENSG00000283782.2	AC116366.3	4	1.3862943611198906	4
ENSG00000284194.1	SCO2	4	1.3862943611198906	4
ENSG00000284431.1	AL022238.4	4	1.3862943611198906	4
ENSG00000284634.1	AC092821.3	4	1.3862943611198906	4
ENSG00000284874.1	SEPT5-GP1BB	4	1.3862943611198906	4
ENSG00000285258.1	ATXN7	4	1.3862943611198906	4
ENSG00000285509.1	AP000646.1	4	1.3862943611198906	4
ENSG00000285571.1	AL513548.4	4	1.3862943611198906	4
ENSG00000285684.1	AL137781.1	4	1.3862943611198906	4
ENSG00000285791.1	AC009879.3	4	1.3862943611198906	4
ENSG00000285851.1	AL359762.3	4	1.3862943611198906	4
ENSG00000285854.1	AC010197.2	4	1.3862943611198906	4
ENSG00000285884.1	AL022345.4	4	1.3862943611198906	4
ENSG00000285921.1	AP000779.1	4	1.3862943611198906	4
ENSG00000285952.1	AC020663.4	4	1.3862943611198906	4
